{
    "0": 0.035844540873350254,
    "1": 2.934323727244635,
    "2": 0.029831731882014344
}